season,player_team,player_name
2020,Carlton,Ed Curnow
2020,Richmond,Tom J. Lynch
2020,Carlton,Lachie Plowman
2020,Carlton,Sam Petrevski-Seton
2020,Collingwood,Chris Mayne
2020,Western Bulldogs,Mitch Wallis
2020,Collingwood,Will Hoskin-Elliott
2020,Western Bulldogs,Jack Macrae
2020,Western Bulldogs,Lachie Hunter
2020,Western Bulldogs,Tim English
2020,Collingwood,Callum L. Brown
2020,Fremantle,Nat Fyfe
2020,Fremantle,Matt Taberner
2020,Essendon,Zach Merrett
2020,Fremantle,Cam McCarthy
2020,Essendon,Anthony McDonald-Tipungwuti
2020,Fremantle,Mitch Crowden
2020,Fremantle,Lachie Schultz
2020,Essendon,Brandon Zerk-Thatcher
2020,Sydney,Justin McInerney
2020,Greater Western Sydney,Matt de Boer
2020,Geelong,Mitch Duncan
2020,Greater Western Sydney,Josh Kelly
2020,Greater Western Sydney,Harry Himmelberg
2020,Geelong,Tom Stewart
2020,Port Adelaide,Tom Jonas
2020,Gold Coast,Nick Holman
2020,Gold Coast,Lachie Weller
2020,Port Adelaide,Darcy Byrne-Jones
2020,Gold Coast,Darcy MacPherson
2020,Gold Coast,Sam Collins
2020,Port Adelaide,Sam Powell-Pepper
2020,St Kilda,Paddy Ryder
2020,St Kilda,Dan Hannebery
2020,North Melbourne,Jamie Macmillan
2020,North Melbourne,Josh Walker
2020,St Kilda,Dan Butler
2020,North Melbourne,Tom Murphy
2020,Hawthorn,Ben Stratton
2020,Brisbane Lions,Cam Rayner
2020,West Coast,Josh J. Kennedy
2020,West Coast,Nic Naitanui
2020,West Coast,Brad Sheppard
2020,Melbourne,Mitch Brown
2020,West Coast,Dom Sheed
2020,Melbourne,Alex Neal-Bullen
2020,Greater Western Sydney,Zac Williams
2020,St Kilda,Nick Coffield
2020,Western Bulldogs,Tom Liberatore
2020,Greater Western Sydney,Lachie Ash
2020,Brisbane Lions,Cameron Ellis-Yolmen
2020,Port Adelaide,Ollie Wines
2020,Richmond,Kamdyn McIntosh
2020,Melbourne,Aaron vandenBerg
2020,Melbourne,Mitch Hannan
2020,Hawthorn,Mitch Lewis
2020,Greater Western Sydney,Tommy Sheridan
2020,Hawthorn,Harry Jones
2020,Adelaide,David Mackay
2020,Port Adelaide,Cam Sutcliffe
2020,Richmond,Derek Eggmolesse-Smith
2020,Greater Western Sydney,Bobby Hill
2020,Fremantle,Michael Frederick
2020,North Melbourne,Luke Davies-Uniacke
2020,Geelong,Lachie Henderson
2020,Geelong,Lachie Fogarty
2020,Geelong,Brad Close
2020,St Kilda,Ed Phillips
2020,Carlton,Matthew Cottrell
2020,Collingwood,Tim Broomhead
2020,Greater Western Sydney,Tom Hutchesson
2020,North Melbourne,Ed Vickers-Willis
2020,Essendon,Josh Begley
2020,West Coast,Nicholas Reid
2020,West Coast,Bailey J. Williams
2020,Melbourne,Josh Wagner
2020,Greater Western Sydney,Sam J. Reid
2020,Carlton,Matthew Owies
2021,Carlton,Ed Curnow
2021,Richmond,Tom J. Lynch
2021,Carlton,Lachie Plowman
2021,Richmond,Kamdyn McIntosh
2021,Carlton,Sam Petrevski-Seton
2021,Carlton,Lachie Fogarty
2021,Western Bulldogs,Tom Liberatore
2021,Western Bulldogs,Mitch Wallis
2021,Collingwood,Will Hoskin-Elliott
2021,Western Bulldogs,Jack Macrae
2021,Western Bulldogs,Lachie Hunter
2021,Western Bulldogs,Tim English
2021,Fremantle,Nat Fyfe
2021,Fremantle,Matt Taberner
2021,Melbourne,Alex Neal-Bullen
2021,Fremantle,Lachie Schultz
2021,Melbourne,James Jordon
2021,Geelong,Lachie Henderson
2021,Geelong,Tom Stewart
2021,Essendon,Zach Merrett
2021,Essendon,Anthony McDonald-Tipungwuti
2021,Essendon,Nik Cox
2021,Port Adelaide,Tom Jonas
2021,North Melbourne,Josh Walker
2021,Port Adelaide,Ollie Wines
2021,Port Adelaide,Darcy Byrne-Jones
2021,North Melbourne,Luke Davies-Uniacke
2021,Greater Western Sydney,Sam J. Reid
2021,Greater Western Sydney,Matt de Boer
2021,Greater Western Sydney,Josh Kelly
2021,Greater Western Sydney,Harry Himmelberg
2021,St Kilda,Dan Butler
2021,St Kilda,Nick Coffield
2021,Greater Western Sydney,Bobby Hill
2021,Greater Western Sydney,Lachie Ash
2021,Greater Western Sydney,Matt Flynn
2021,West Coast,Josh J. Kennedy
2021,West Coast,Nic Naitanui
2021,West Coast,Brad Sheppard
2021,West Coast,Dom Sheed
2021,Gold Coast,Nick Holman
2021,Gold Coast,Lachie Weller
2021,Gold Coast,Darcy MacPherson
2021,Gold Coast,Sam Collins
2021,Carlton,Zac Williams
2021,Collingwood,Callum L. Brown
2021,Adelaide,David Mackay
2021,Sydney,Justin McInerney
2021,Greater Western Sydney,Zach Sproule
2021,Fremantle,Michael Frederick
2021,Collingwood,Chris Mayne
2021,Richmond,Derek Eggmolesse-Smith
2021,Essendon,Brandon Zerk-Thatcher
2021,Carlton,Matthew Cottrell
2021,Greater Western Sydney,Matt Buntine
2021,Greater Western Sydney,Nick Shipley
2021,Geelong,Mitch Duncan
2021,Hawthorn,Mitch Lewis
2021,Port Adelaide,Lachie Jones
2021,Geelong,Brad Close
2021,Fremantle,Mitch Crowden
2021,Melbourne,Mitch Brown
2021,Western Bulldogs,Mitch Hannan
2021,Richmond,Riley Collier-Dawkins
2021,St Kilda,Paddy Ryder
2021,Port Adelaide,Sam Powell-Pepper
2021,Carlton,Matthew Owies
2021,West Coast,Bailey J. Williams
2021,Richmond,Callum Coleman-Jones
2021,Hawthorn,Denver Grainger-Barras
2021,Western Bulldogs,Jamarra Ugle-Hagan
2021,Melbourne,Aaron vandenBerg
2021,Greater Western Sydney,Callum M. Brown
2021,St Kilda,Dan Hannebery
